Infront name;mod;mod;Yahoo finance name
4C;4C;4C.ST;4C.ST
8TRA;8TRA;8TRA.ST;8TRA.ST
AAK;AAK;AAK.ST;AAK.ST
ABB;ABB;ABB.ST;ABB.ST
ABSO;ABSO;ABSO.ST;ABSO.ST
ACAD;ACAD;ACAD.ST;ACAD.ST
ACAST;ACAST;ACAST.ST;ACAST.ST
ACQ SPAC;ACQ-SPAC;ACQ-SPAC.ST;ACQ-SPAC.ST
ADDT B;ADDT-B;ADDT-B.ST;ADDT-B.ST
ADDV B;ADDV-B;ADDV-B.ST;ADDV-B.ST
AEC;AEC;AEC.ST;AEC.ST
AFRY;AFRY;AFRY.ST;AFRY.ST
AGROUP;AGROUP;AGROUP.ST;AGROUP.ST
AJA B;AJA-B;AJA-B.ST;AJA-B.ST
ALFA;ALFA;ALFA.ST;ALFA.ST
ALIF B;ALIF-B;ALIF-B.ST;ALIF-B.ST
ALIG;ALIG;ALIG.ST;ALIG.ST
ALIV SDB;ALIV-SDB;ALIV-SDB.ST;ALIV-SDB.ST
ALLEI;ALLEI;ALLEI.ST;ALLEI.ST
ALLIGO B;ALLIGO-B;ALLIGO-B.ST;ALLIGO-B.ST
ALM;ALM;ALM.ST;ALM.ST
ALM PREF;ALM-PREF;ALM-PREF.ST;ALM-PREF.ST
AMBEA;AMBEA;AMBEA.ST;AMBEA.ST
ANOD B;ANOD-B;ANOD-B.ST;ANOD-B.ST
AOI;AOI;AOI.ST;AOI.ST
AQ;AQ;AQ.ST;AQ.ST
ARISE;ARISE;ARISE.ST;ARISE.ST
ARJO B;ARJO-B;ARJO-B.ST;ARJO-B.ST
AROS;AROS;AROS.ST;AROS.ST
ARP;ARP;ARP.ST;ARP.ST
ASSA B;ASSA-B;ASSA-B.ST;ASSA-B.ST
ATCO A;ATCO-A;ATCO-A.ST;ATCO-A.ST
ATCO B;ATCO-B;ATCO-B.ST;ATCO-B.ST
ATRLJ B;ATRLJ-B;ATRLJ-B.ST;ATRLJ-B.ST
ATT;ATT;ATT.ST;ATT.ST
AWRD;AWRD;AWRD.ST;AWRD.ST
AXFO;AXFO;AXFO.ST;AXFO.ST
AZA;AZA;AZA.ST;AZA.ST
AZN;AZN;AZN.ST;AZN.ST
B3;B3;B3.ST;B3.ST
BACTI B;BACTI-B;BACTI-B.ST;BACTI-B.ST
BAHN B;BAHN-B;BAHN-B.ST;BAHN-B.ST
BALCO;BALCO;BALCO.ST;BALCO.ST
BALD B;BALD-B;BALD-B.ST;BALD-B.ST
BEGR;BEGR;BEGR.ST;BEGR.ST
BEIA B;BEIA-B;BEIA-B.ST;BEIA-B.ST
BEIJ B;BEIJ-B;BEIJ-B.ST;BEIJ-B.ST
BERG B;BERG-B;BERG-B.ST;BERG-B.ST
BESQ;BESQ;BESQ.ST;BESQ.ST
BETCO;BETCO;BETCO.ST;BETCO.ST
BETS B;BETS-B;BETS-B.ST;BETS-B.ST
BFG;BFG;BFG.ST;BFG.ST
BHG;BHG;BHG.ST;BHG.ST
BICO;BICO;BICO.ST;BICO.ST
BILI A;BILI-A;BILI-A.ST;BILI-A.ST
BILL;BILL;BILL.ST;BILL.ST
BINV;BINV;BINV.ST;BINV.ST
BIOA B;BIOA-B;BIOA-B.ST;BIOA-B.ST
BIOG B;BIOG-B;BIOG-B.ST;BIOG-B.ST
BIOT;BIOT;BIOT.ST;BIOT.ST
BMAX;BMAX;BMAX.ST;BMAX.ST
BOL;BOL;BOL.ST;BOL.ST
BONAV B;BONAV-B;BONAV-B.ST;BONAV-B.ST
BONEX;BONEX;BONEX.ST;BONEX.ST
BOOZT;BOOZT;BOOZT.ST;BOOZT.ST
BORG;BORG;BORG.ST;BORG.ST
BRAV;BRAV;BRAV.ST;BRAV.ST
BRE2;BRE2;BRE2.ST;BRE2.ST
BRG B;BRG-B;BRG-B.ST;BRG-B.ST
BRIN B;BRIN-B;BRIN-B.ST;BRIN-B.ST
BTS B;BTS-B;BTS-B.ST;BTS-B.ST
BUFAB;BUFAB;BUFAB.ST;BUFAB.ST
BULTEN;BULTEN;BULTEN.ST;BULTEN.ST
BURE;BURE;BURE.ST;BURE.ST
CALTX;CALTX;CALTX.ST;CALTX.ST
CAMX;CAMX;CAMX.ST;CAMX.ST
CAST;CAST;CAST.ST;CAST.ST
CAT B;CAT-B;CAT-B.ST;CAT-B.ST
CATE;CATE;CATE.ST;CATE.ST
CCC;CCC;CCC.ST;CCC.ST
CDON;CDON;CDON.ST;CDON.ST
CEVI;CEVI;CEVI.ST;CEVI.ST
CFISH;CFISH;CFISH.ST;CFISH.ST
CHECK;CHECK;CHECK.ST;CHECK.ST
CIBUS;CIBUS;CIBUS.ST;CIBUS.ST
CINIS;CINIS;CINIS.ST;CINIS.ST
CINT;CINT;CINT.ST;CINT.ST
CLA B;CLA-B;CLA-B.ST;CLA-B.ST
CLAS B;CLAS-B;CLAS-B.ST;CLAS-B.ST
COIC;COIC;COIC.ST;COIC.ST
COLL;COLL;COLL.ST;COLL.ST
COOR;COOR;COOR.ST;COOR.ST
COPP B;COPP-B;COPP-B.ST;COPP-B.ST
CORE B;CORE-B;CORE-B.ST;CORE-B.ST
CORE PREF;CORE-PREF;CORE-PREF.ST;CORE-PREF.ST
CPAC SPAC;CPAC-SPAC;CPAC-SPAC.ST;CPAC-SPAC.ST
CRAD B;CRAD-B;CRAD-B.ST;CRAD-B.ST
CRED A;CRED-A;CRED-A.ST;CRED-A.ST
CS;CS;CS.ST;CS.ST
CTEK;CTEK;CTEK.ST;CTEK.ST
CTM;CTM;CTM.ST;CTM.ST
CTT;CTT;CTT.ST;CTT.ST
DE;DE;DE.ST;DE.ST
DIOS;DIOS;DIOS.ST;DIOS.ST
DOM;DOM;DOM.ST;DOM.ST
DOXA;DOXA;DOXA.ST;DOXA.ST
DUNI;DUNI;DUNI.ST;DUNI.ST
DUST;DUST;DUST.ST;DUST.ST
DVYSR;DVYSR;DVYSR.ST;DVYSR.ST
EAST;EAST;EAST.ST;EAST.ST
EG7;EG7;EG7.ST;EG7.ST
EGTX;EGTX;EGTX.ST;EGTX.ST
EKTA B;EKTA-B;EKTA-B.ST;EKTA-B.ST
ELAN B;ELAN-B;ELAN-B.ST;ELAN-B.ST
ELOS B;ELOS-B;ELOS-B.ST;ELOS-B.ST
ELTEL;ELTEL;ELTEL.ST;ELTEL.ST
ELUX A;ELUX-A;ELUX-A.ST;ELUX-A.ST
ELUX B;ELUX-B;ELUX-B.ST;ELUX-B.ST
EMBRAC B;EMBRAC-B;EMBRAC-B.ST;EMBRAC-B.ST
EMIL B;EMIL-B;EMIL-B.ST;EMIL-B.ST
ENEA;ENEA;ENEA.ST;ENEA.ST
ENGCON B;ENGCON-B;ENGCON-B.ST;ENGCON-B.ST
EOLU B;EOLU-B;EOLU-B.ST;EOLU-B.ST
EPI A;EPI-A;EPI-A.ST;EPI-A.ST
EPI B;EPI-B;EPI-B.ST;EPI-B.ST
EPRO B;EPRO-B;EPRO-B.ST;EPRO-B.ST
EQT;EQT;EQT.ST;EQT.ST
ERIC A;ERIC-A;ERIC-A.ST;ERIC-A.ST
ERIC B;ERIC-B;ERIC-B.ST;ERIC-B.ST
ESSITY A;ESSITY-A;ESSITY-A.ST;ESSITY-A.ST
ESSITY B;ESSITY-B;ESSITY-B.ST;ESSITY-B.ST
EVO;EVO;EVO.ST;EVO.ST
EWRK;EWRK;EWRK.ST;EWRK.ST
EXS;EXS;EXS.ST;EXS.ST
FABG;FABG;FABG.ST;FABG.ST
FAG;FAG;FAG.ST;FAG.ST
FG;FG;FG.ST;FG.ST
FIL;FIL;FIL.ST;FIL.ST
FLUO;FLUO;FLUO.ST;FLUO.ST
FMM B;FMM-B;FMM-B.ST;FMM-B.ST
FNM;FNM;FNM.ST;FNM.ST
FNOVA B;FNOVA-B;FNOVA-B.ST;FNOVA-B.ST
FNOX;FNOX;FNOX.ST;FNOX.ST
FOI B;FOI-B;FOI-B.ST;FOI-B.ST
FPAR A;FPAR-A;FPAR-A.ST;FPAR-A.ST
FPIP;FPIP;FPIP.ST;FPIP.ST
FRACTL;FRACTL;FRACTL.ST;FRACTL.ST
G5EN;G5EN;G5EN.ST;G5EN.ST
GARO;GARO;GARO.ST;GARO.ST
GENO;GENO;GENO.ST;GENO.ST
GETI B;GETI-B;GETI-B.ST;GETI-B.ST
GIGSEK;GIGSEK;GIGSEK.ST;GIGSEK.ST
GOTL A;GOTL-A;GOTL-A.ST;GOTL-A.ST
GOTL B;GOTL-B;GOTL-B.ST;GOTL-B.ST
GPG;GPG;GPG.ST;GPG.ST
GREEN;GREEN;GREEN.ST;GREEN.ST
GRNG;GRNG;GRNG.ST;GRNG.ST
HANZA;HANZA;HANZA.ST;HANZA.ST
HEBA B;HEBA-B;HEBA-B.ST;HEBA-B.ST
HEM;HEM;HEM.ST;HEM.ST
HEXA B;HEXA-B;HEXA-B.ST;HEXA-B.ST
HM B;HM-B;HM-B.ST;HM-B.ST
HMS;HMS;HMS.ST;HMS.ST
HNSA;HNSA;HNSA.ST;HNSA.ST
HOFI;HOFI;HOFI.ST;HOFI.ST
HOLM A;HOLM-A;HOLM-A.ST;HOLM-A.ST
HOLM B;HOLM-B;HOLM-B.ST;HOLM-B.ST
HPOL B;HPOL-B;HPOL-B.ST;HPOL-B.ST
HTRO;HTRO;HTRO.ST;HTRO.ST
HUFV A;HUFV-A;HUFV-A.ST;HUFV-A.ST
HUMBLE;HUMBLE;HUMBLE.ST;HUMBLE.ST
HUSQ A;HUSQ-A;HUSQ-A.ST;HUSQ-A.ST
HUSQ B;HUSQ-B;HUSQ-B.ST;HUSQ-B.ST
IAR B;IAR-B;IAR-B.ST;IAR-B.ST
IDUN B;IDUN-B;IDUN-B.ST;IDUN-B.ST
IMP A SDB;IMP-A-SDB;IMP-A-SDB.ST;IMP-A-SDB.ST
INDT;INDT;INDT.ST;INDT.ST
INDU A;INDU-A;INDU-A.ST;INDU-A.ST
INDU C;INDU-C;INDU-C.ST;INDU-C.ST
INFRA;INFRA;INFRA.ST;INFRA.ST
INSTAL;INSTAL;INSTAL.ST;INSTAL.ST
INTRUM;INTRUM;INTRUM.ST;INTRUM.ST
INVE A;INVE-A;INVE-A.ST;INVE-A.ST
INVE B;INVE-B;INVE-B.ST;INVE-B.ST
INWI;INWI;INWI.ST;INWI.ST
IPCO;IPCO;IPCO.ST;IPCO.ST
ITAB;ITAB;ITAB.ST;ITAB.ST
IVSO;IVSO;IVSO.ST;IVSO.ST
JETPAK;JETPAK;JETPAK.ST;JETPAK.ST
JM;JM;JM.ST;JM.ST
JOMA;JOMA;JOMA.ST;JOMA.ST
KABE B;KABE-B;KABE-B.ST;KABE-B.ST
KAMBI;KAMBI;KAMBI.ST;KAMBI.ST
KAR;KAR;KAR.ST;KAR.ST
KFAST B;KFAST-B;KFAST-B.ST;KFAST-B.ST
KIND SDB;KIND-SDB;KIND-SDB.ST;KIND-SDB.ST
KINV A;KINV-A;KINV-A.ST;KINV-A.ST
KINV B;KINV-B;KINV-B.ST;KINV-B.ST
KLARA B;KLARA-B;KLARA-B.ST;KLARA-B.ST
KNOW;KNOW;KNOW.ST;KNOW.ST
KOBR B;KOBR-B;KOBR-B.ST;KOBR-B.ST
LAGR B;LAGR-B;LAGR-B.ST;LAGR-B.ST
LATO B;LATO-B;LATO-B.ST;LATO-B.ST
LIAB;LIAB;LIAB.ST;LIAB.ST
LIFCO B;LIFCO-B;LIFCO-B.ST;LIFCO-B.ST
LIME;LIME;LIME.ST;LIME.ST
LINC;LINC;LINC.ST;LINC.ST
LOGI B;LOGI-B;LOGI-B.ST;LOGI-B.ST
LOOMIS;LOOMIS;LOOMIS.ST;LOOMIS.ST
LUC;LUC;LUC.ST;LUC.ST
LUG;LUG;LUG.ST;LUG.ST
LUMEN;LUMEN;LUMEN.ST;LUMEN.ST
LUMI;LUMI;LUMI.ST;LUMI.ST
LUND B;LUND-B;LUND-B.ST;LUND-B.ST
LYKO A;LYKO-A;LYKO-A.ST;LYKO-A.ST
M8G;M8G;M8G.ST;M8G.ST
MAHA A;MAHA-A;MAHA-A.ST;MAHA-A.ST
MANG;MANG;MANG.ST;MANG.ST
MCAP;MCAP;MCAP.ST;MCAP.ST
MCOV B;MCOV-B;MCOV-B.ST;MCOV-B.ST
MEKO;MEKO;MEKO.ST;MEKO.ST
MILDEF;MILDEF;MILDEF.ST;MILDEF.ST
MIPS;MIPS;MIPS.ST;MIPS.ST
MMGR B;MMGR-B;MMGR-B.ST;MMGR-B.ST
MNTC;MNTC;MNTC.ST;MNTC.ST
MSON B;MSON-B;MSON-B.ST;MSON-B.ST
MTG B;MTG-B;MTG-B.ST;MTG-B.ST
MTRS;MTRS;MTRS.ST;MTRS.ST
MYCR;MYCR;MYCR.ST;MYCR.ST
NANOFS;NANOFS;NANOFS.ST;NANOFS.ST
NCAB;NCAB;NCAB.ST;NCAB.ST
NCC A;NCC-A;NCC-A.ST;NCC-A.ST
NCC B;NCC-B;NCC-B.ST;NCC-B.ST
NDA SE;NDA-SE;NDA-SE.ST;NDA-SE.ST
NEOBO;NEOBO;NEOBO.ST;NEOBO.ST
NETI B;NETI-B;NETI-B.ST;NETI-B.ST
NEWA B;NEWA-B;NEWA-B.ST;NEWA-B.ST
NIBE B;NIBE-B;NIBE-B.ST;NIBE-B.ST
NIVI B;NIVI-B;NIVI-B.ST;NIVI-B.ST
NMAN;NMAN;NMAN.ST;NMAN.ST
NOBI;NOBI;NOBI.ST;NOBI.ST
NOKIA SEK;NOKIA-SEK;NOKIA-SEK.ST;NOKIA-SEK.ST
NOLA B;NOLA-B;NOLA-B.ST;NOLA-B.ST
NORB B;NORB-B;NORB-B.ST;NORB-B.ST
NORVA;NORVA;NORVA.ST;NORVA.ST
NOTE;NOTE;NOTE.ST;NOTE.ST
NP3;NP3;NP3.ST;NP3.ST
NPAPER;NPAPER;NPAPER.ST;NPAPER.ST
NWG;NWG;NWG.ST;NWG.ST
NYF;NYF;NYF.ST;NYF.ST
NYTTO;NYTTO;NYTTO.ST;NYTTO.ST
OEM B;OEM-B;OEM-B.ST;OEM-B.ST
ORES;ORES;ORES.ST;ORES.ST
ORRON;ORRON;ORRON.ST;ORRON.ST
OVZON;OVZON;OVZON.ST;OVZON.ST
OX2;OX2;OX2.ST;OX2.ST
PACT;PACT;PACT.ST;PACT.ST
PAGERO;PAGERO;PAGERO.ST;PAGERO.ST
PCELL;PCELL;PCELL.ST;PCELL.ST
PDX;PDX;PDX.ST;PDX.ST
PEAB B;PEAB-B;PEAB-B.ST;PEAB-B.ST
PLAZ B;PLAZ-B;PLAZ-B.ST;PLAZ-B.ST
PLEJD;PLEJD;PLEJD.ST;PLEJD.ST
PNDX B;PNDX-B;PNDX-B.ST;PNDX-B.ST
PREV B;PREV-B;PREV-B.ST;PREV-B.ST
PRFO;PRFO;PRFO.ST;PRFO.ST
PROB;PROB;PROB.ST;PROB.ST
RATO A;RATO-A;RATO-A.ST;RATO-A.ST
RATO B;RATO-B;RATO-B.ST;RATO-B.ST
RAY B;RAY-B;RAY-B.ST;RAY-B.ST
REJL B;REJL-B;REJL-B.ST;REJL-B.ST
RENEW;RENEW;RENEW.ST;RENEW.ST
RESURS;RESURS;RESURS.ST;RESURS.ST
RROS;RROS;RROS.ST;RROS.ST
RUG;RUG;RUG.ST;RUG.ST
RVRC;RVRC;RVRC.ST;RVRC.ST
SAAB B;SAAB-B;SAAB-B.ST;SAAB-B.ST
SAGA A;SAGA-A;SAGA-A.ST;SAGA-A.ST
SAGA B;SAGA-B;SAGA-B.ST;SAGA-B.ST
SAGA D;SAGA-D;SAGA-D.ST;SAGA-D.ST
SAND;SAND;SAND.ST;SAND.ST
SAS*;SAS*;SAS*.ST;SAS*.ST
SAVE;SAVE;SAVE.ST;SAVE.ST
SBB B;SBB-B;SBB-B.ST;SBB-B.ST
SBB D;SBB-D;SBB-D.ST;SBB-D.ST
SCA A;SCA-A;SCA-A.ST;SCA-A.ST
SCA B;SCA-B;SCA-B.ST;SCA-B.ST
SCST;SCST;SCST.ST;SCST.ST
SDIP B;SDIP-B;SDIP-B.ST;SDIP-B.ST
SEB A;SEB-A;SEB-A.ST;SEB-A.ST
SEB C;SEB-C;SEB-C.ST;SEB-C.ST
SECARE;SECARE;SECARE.ST;SECARE.ST
SECT B;SECT-B;SECT-B.ST;SECT-B.ST
SECU B;SECU-B;SECU-B.ST;SECU-B.ST
SEDANA;SEDANA;SEDANA.ST;SEDANA.ST
SES;SES;SES.ST;SES.ST
SF;SF;SF.ST;SF.ST
SFAB;SFAB;SFAB.ST;SFAB.ST
SFAST;SFAST;SFAST.ST;SFAST.ST
SHB A;SHB-A;SHB-A.ST;SHB-A.ST
SHB B;SHB-B;SHB-B.ST;SHB-B.ST
SHOT;SHOT;SHOT.ST;SHOT.ST
SIGNUP;SIGNUP;SIGNUP.ST;SIGNUP.ST
SINCH;SINCH;SINCH.ST;SINCH.ST
SIVE;SIVE;SIVE.ST;SIVE.ST
SKA B;SKA-B;SKA-B.ST;SKA-B.ST
SKF A;SKF-A;SKF-A.ST;SKF-A.ST
SKF B;SKF-B;SKF-B.ST;SKF-B.ST
SKIS B;SKIS-B;SKIS-B.ST;SKIS-B.ST
SLP B;SLP-B;SLP-B.ST;SLP-B.ST
SOBI;SOBI;SOBI.ST;SOBI.ST
SOLT;SOLT;SOLT.ST;SOLT.ST
SSAB A;SSAB-A;SSAB-A.ST;SSAB-A.ST
SSAB B;SSAB-B;SSAB-B.ST;SSAB-B.ST
STE R;STE-R;STE-R.ST;STE-R.ST
STEF B;STEF-B;STEF-B.ST;STEF-B.ST
STOR B;STOR-B;STOR-B.ST;STOR-B.ST
STORY B;STORY-B;STORY-B.ST;STORY-B.ST
SUS;SUS;SUS.ST;SUS.ST
SVED B;SVED-B;SVED-B.ST;SVED-B.ST
SVOL B;SVOL-B;SVOL-B.ST;SVOL-B.ST
SWEC A;SWEC-A;SWEC-A.ST;SWEC-A.ST
SWEC B;SWEC-B;SWEC-B.ST;SWEC-B.ST
SWED A;SWED-A;SWED-A.ST;SWED-A.ST
SYNACT;SYNACT;SYNACT.ST;SYNACT.ST
SYNSAM;SYNSAM;SYNSAM.ST;SYNSAM.ST
SYNT;SYNT;SYNT.ST;SYNT.ST
SYSR;SYSR;SYSR.ST;SYSR.ST
TDVOX;TDVOX;TDVOX.ST;TDVOX.ST
TEL2 A;TEL2-A;TEL2-A.ST;TEL2-A.ST
TEL2 B;TEL2-B;TEL2-B.ST;TEL2-B.ST
TELIA;TELIA;TELIA.ST;TELIA.ST
TEQ;TEQ;TEQ.ST;TEQ.ST
TETY;TETY;TETY.ST;TETY.ST
TFBANK;TFBANK;TFBANK.ST;TFBANK.ST
THULE;THULE;THULE.ST;THULE.ST
THUNDR;THUNDR;THUNDR.ST;THUNDR.ST
TIETOS;TIETOS;TIETOS.ST;TIETOS.ST
TIGO SDB;TIGO-SDB;TIGO-SDB.ST;TIGO-SDB.ST
TOBII;TOBII;TOBII.ST;TOBII.ST
TRAC B;TRAC-B;TRAC-B.ST;TRAC-B.ST
TRAIN B;TRAIN-B;TRAIN-B.ST;TRAIN-B.ST
TREL B;TREL-B;TREL-B.ST;TREL-B.ST
TRIAN B;TRIAN-B;TRIAN-B.ST;TRIAN-B.ST
TROAX;TROAX;TROAX.ST;TROAX.ST
TRUE B;TRUE-B;TRUE-B.ST;TRUE-B.ST
VBG B;VBG-B;VBG-B.ST;VBG-B.ST
VEFAB;VEFAB;VEFAB.ST;VEFAB.ST
VESTUM;VESTUM;VESTUM.ST;VESTUM.ST
VICO;VICO;VICO.ST;VICO.ST
VIMIAN;VIMIAN;VIMIAN.ST;VIMIAN.ST
VIT B;VIT-B;VIT-B.ST;VIT-B.ST
VITR;VITR;VITR.ST;VITR.ST
VIVA;VIVA;VIVA.ST;VIVA.ST
VNV;VNV;VNV.ST;VNV.ST
VOLCAR B;VOLCAR-B;VOLCAR-B.ST;VOLCAR-B.ST
VOLO;VOLO;VOLO.ST;VOLO.ST
VOLV A;VOLV-A;VOLV-A.ST;VOLV-A.ST
VOLV B;VOLV-B;VOLV-B.ST;VOLV-B.ST
VPLAY B;VPLAY-B;VPLAY-B.ST;VPLAY-B.ST
VSSAB B;VSSAB-B;VSSAB-B.ST;VSSAB-B.ST
WALL B;WALL-B;WALL-B.ST;WALL-B.ST
WBGR B;WBGR-B;WBGR-B.ST;WBGR-B.ST
WIHL;WIHL;WIHL.ST;WIHL.ST
XANO B;XANO-B;XANO-B.ST;XANO-B.ST
XBRANE;XBRANE;XBRANE.ST;XBRANE.ST
XVIVO;XVIVO;XVIVO.ST;XVIVO.ST
ZZ B;ZZ-B;ZZ-B.ST;ZZ-B.ST
